{"cameraMode":{"drawMode":0,"name":"Shaded","section":"Shading Mode"},"sceneLighting":true,"audioPlay":false,"sceneViewState":{"m_AlwaysRefresh":false,"showFog":true,"showSkybox":true,"showFlares":true,"showImageEffects":true,"showParticleSystems":true,"showVisualEffectGraphs":true,"m_FxEnabled":true},"in2DMode":false,"pivot":{"x":22.402000427246095,"y":9.550000190734864,"z":-21.05900001525879},"rotation":{"x":0.20302589237689973,"y":-0.4165198504924774,"z":0.09598200768232346,"w":0.8809700012207031},"size":16.159574508666993,"orthographic":true}